Status,Week,Phase,Step ID,Step Name,Goal,Human Setup Required,AI Allowed Scope,Blocked Scope,Contracts Touched,Validators Required,Tests Required,Done When,Completion Evidence,Implementation Added Changed,Project Relevance,Future Features Impact,Tests And Verification,Last Updated,Commit Hash,Blocked By,Next Step
Complete,1,Phase 0 - Foundation,W1-S1,Create repo and app skeleton,"Create playable-worlds-lab workspace with Next.js, TypeScript, Tailwind, ESLint/Prettier, Vitest, and package folders.","Human confirms/create GitHub repo, local folder, npm as package manager unless intentionally changed.","repo root, apps/web, packages/core, packages/ai, packages/content, package.json, tsconfig files, lint/test config, README, .nvmrc.",No 2D/3D rendering; no real-time multiplayer; no public UGC discovery; no marketplace; no creator monetization; no social chat or voice; no complex avatar system; no full economy; no PvP; no VR; no hardcoded secrets; no broad refactors; no cross-phase work.,Package/runtime setup lock.,None yet beyond project smoke test.,Add one smoke test and run npm test or the narrowest available test command.,"Project runs locally, basic home page loads, npm test runs, npm/Node version reported.",Repo skeleton verified; smoke test passes.,"Added npm workspaces monorepo: apps/web (Next.js 15 + Tailwind + App Router), packages/core (schemas home), packages/ai (stub), packages/content (fixtures). Root tooling: package.json workspaces, tsconfig, ESLint/Prettier, Vitest config, tests/smoke.test.ts, README, .nvmrc. No game logic in web yet.",Establishes the physical repo layout and CI-friendly scripts (test/typecheck/lint/build) required before any WorldDefinition or runtime work. All later packages depend on this skeleton.,Enables W1-S2–S16 schema work in packages/core; Phase 1 apps/web world-play UI; packages/ai gateway in Phase 2; content worlds in packages/content; Future_Features/ quest generator and 2D layers attach to same workspace without restructuring.,"tests/smoke.test.ts (1 test). Verified 2026-05-28: npm test, npm run typecheck, npm run lint, npm run build, npm run dev (shell only).",2026-05-28,,,W1-S2
Complete,1,Phase 0 - Foundation,W1-S2,Create WorldDNA schema,Create Zod schema and TypeScript type for WorldDNA with safetyMode limited to teen/adult.,None unless external setup is discovered.,"packages/core/schemas, packages/core/tests/unit/schemas, packages/content/examples.",No 2D/3D rendering; no real-time multiplayer; no public UGC discovery; no marketplace; no creator monetization; no social chat or voice; no complex avatar system; no full economy; no PvP; no VR; no hardcoded secrets; no broad refactors; no cross-phase work.,"WorldDNA, SafetyMode.","Reject missing fields, unsupported enums, and any safetyMode outside teen/adult.",Valid teen/adult examples pass; invalid mode and missing fields fail.,WorldDNA schema exports and examples validate.,WorldDNA + SafetyMode schemas export from @playable-worlds/core.,"Created packages/core/src/schemas/worldDna.ts and safetyMode.ts with Zod enums (genre, tone, sessionLengthMinutes, coreLoop, consequenceIntensity, aiCreativity, safetyMode teen|adult only). Exported types and parse/safeParse helpers. Examples: world-dna-teen.example.json, world-dna-adult.example.json.",WorldDNA is the tone/safety/loop contract for every world including Stonepass. Teen/adult-only safetyMode is a hard product rule from §4.,Phase 5 WorldArchitectAgent generates WorldDNA from prompts; creator cockpit DNA editor (W12-S1); remix may patch DNA fields; all generated worlds must validate against this schema before save.,packages/core/tests/unit/schemas/worldDna.test.ts (11 tests). Example JSON validation included. Suite at step end: 97 tests passing.,2026-05-28,,,W1-S3
Complete,1,Phase 0 - Foundation,W1-S3,Create PlayerChoice schema,Define the choice object used by StoryBeat and runtime choice resolution.,None unless external setup is discovered.,"packages/core/schemas, schema tests, examples.",No 2D/3D rendering; no real-time multiplayer; no public UGC discovery; no marketplace; no creator monetization; no social chat or voice; no complex avatar system; no full economy; no PvP; no VR; no hardcoded secrets; no broad refactors; no cross-phase work.,PlayerChoice.,Non-empty id/label; optional requiredFlags/blockedByFlags; required consequenceId.,Valid choice passes; missing id/label/consequenceId and malformed flags fail.,Choices validate with deterministic consequence reference.,Choices validate with deterministic consequence references.,"Created packages/core/src/schemas/playerChoice.ts: id, label, optional description, requiredFlags, blockedByFlags, consequenceId (required). FlagIdSchema reused by beats and ledger.",Every player action in the text runtime resolves through PlayerChoice → consequenceId. Stonepass ogre bridge needs five distinct choice objects.,Phase 1 choice resolver (W2-S4); conditional routes and replay variation; AI must not invent choice shapes; playtester checks no-op choices (W11-S5).,packages/core/tests/unit/schemas/playerChoice.test.ts (9 tests). Example: player-choice-valid.example.json.,2026-05-28,,,W1-S4
Complete,1,Phase 0 - Foundation,W1-S4,Create StoryBeat schema,"Create StoryBeat schema with trigger, choices, possible consequences, required/blocked flags, and ending/hidden markers.",None unless external setup is discovered.,"packages/core/schemas, tests, examples.",No 2D/3D rendering; no real-time multiplayer; no public UGC discovery; no marketplace; no creator monetization; no social chat or voice; no complex avatar system; no full economy; no PvP; no VR; no hardcoded secrets; no broad refactors; no cross-phase work.,StoryBeat + PlayerChoice composition.,Require id/title/description/trigger/availableChoices/possibleConsequences.,"Valid beat passes; no choices, malformed flags, and empty IDs fail.",StoryBeat validates only when it has a clear playable structure.,StoryBeat validates only with playable structure (choices + possibleConsequences).,"Created packages/core/src/schemas/storyBeat.ts composing PlayerChoiceSchema: trigger, availableChoices (min 1), possibleConsequences, optional requiredFlags/blockedByFlags, isEnding, isHidden.",Story beats are the graph nodes of the world engine. Ogre bridge is the first Stonepass beat; later beats gate on flags from consequences.,W2-S3 beat selector; Phase 3 instance beats; graph generator W8-S1–S5; validateWorldDefinition reachability (W1-S14); Director select_next_beat (Phase 2).,packages/core/tests/unit/schemas/storyBeat.test.ts (10 tests). Example: story-beat-ogre-bridge.example.json (5 ogre choices).,2026-05-28,,,W1-S5
Complete,1,Phase 0 - Foundation,W1-S5,Create Consequence schema,"Create Consequence schema for flags, visible changes, goals, NPC updates, and temporary instance references.",None unless external setup is discovered.,"packages/core/schemas, tests, examples.",No 2D/3D rendering; no real-time multiplayer; no public UGC discovery; no marketplace; no creator monetization; no social chat or voice; no complex avatar system; no full economy; no PvP; no VR; no hardcoded secrets; no broad refactors; no cross-phase work.,Consequence (v4.2 hybrid).,Require id/summary; v4.2: structured npcUpdates; optional completeGoals/exposeLocations/closeLocations; temporaryInstances (not startTemporaryInstanceIds).,Valid fight-ogre-style consequence passes; missing summary/invalid arrays fail.,Consequence objects validate and default safely.,Consequence validates; fight-ogre example documents flagship flags.,"Created packages/core/src/schemas/consequence.ts per v4.2 hybrid: addFlags, removeFlags, unlockGoals, completeGoals, exposeLocations, closeLocations, visibleChanges, structured npcUpdates[], temporaryInstances[]. Example consequence-fight-ogre.example.json.",Consequence Engine (Phase 1) applies these objects to WorldLedger. Fight-ogre path sets landslide_triggered and starts cave instance reference.,W2-S5/W3-S1 consequence application; temporary instance spawn from temporaryInstances[]; NPC attitude updates; health score consequence quality (W6); generated consequences must validate here.,packages/core/tests/unit/schemas/consequence.test.ts (8 tests). v4.2 field names per FULL_CURSOR §22.,2026-05-28,,,W1-S6
Complete,1,Phase 0 - Foundation,W1-S6,Create WorldLedger and WorldEvent schemas,"Create WorldLedger schema and WorldEvent sub-schema for flags, events, discovered locations, and unlocked goals.",None unless external setup is discovered.,"packages/core/schemas, tests, examples.",No 2D/3D rendering; no real-time multiplayer; no public UGC discovery; no marketplace; no creator monetization; no social chat or voice; no complex avatar system; no full economy; no PvP; no VR; no hardcoded secrets; no broad refactors; no cross-phase work.,"WorldLedger, WorldEvent (v4.2).",WorldEvent: id/type/summary/turnNumber. Ledger: activeFlags, resolvedFlags (not completedFlags), worldEvents (not events),Empty and post-ogre ledgers validate; v4.2 names (worldEvents not events).,"Created packages/core/src/schemas/worldLedger.ts: WorldEventSchema + WorldLedgerSchema with activeFlags, resolvedFlags, unlockedGoals, completedGoals, discoveredLocations, worldEvents. Helper createEmptyWorldLedger().","World memory for Stonepass: ogre choice must appear as flags, goals, locations, and typed worldEvents. Session.ledger embeds this schema (W1-S11).",W3-S3 flag lifecycle; ledger debug UI W3-S4; save/load sessions W9-S5; playtester missing-goal detection W11-S4; share/fork snapshots include ledger state.,packages/core/tests/unit/schemas/worldLedger.test.ts (12 tests). Example: world-ledger-post-ogre.example.json.,2026-05-28, completedGoals, discoveredLocations.,Empty ledger and post-ogre event ledger pass; malformed event fails.,"Ledger starts empty, validates after events, and rejects malformed records.",packages/core/src/schemas/worldLedger.ts; worldLedger.test.ts (12 tests). Example: world-ledger-post-ogre.example.json. v4.2 field names per §22.,,,W1-S7
Complete,1,Phase 0 - Foundation,W1-S7,Create DirectorDecision schema,Create structured AI output schema for DirectorDecision.,None unless external setup is discovered.,"packages/core/schemas, tests, examples.",No 2D/3D rendering; no real-time multiplayer; no public UGC discovery; no marketplace; no creator monetization; no social chat or voice; no complex avatar system; no full economy; no PvP; no VR; no hardcoded secrets; no broad refactors; no cross-phase work.,DirectorDecision (v4.1 canonical).,"Actions: select_next_beat, generate_consequence, generate_instance, generate_npc_reaction, summarize_world, suggest_session_wrapup (not legacy suggest_*).",Valid decision passes; invalid action/missing target/out-of-range confidence fail.,Only allowed DirectorDecision actions pass.,Only canonical Director actions pass schema.,"Created packages/core/src/schemas/directorDecision.ts with v4.1 action enum (select_next_beat, generate_consequence, generate_instance, generate_npc_reaction, summarize_world, suggest_session_wrapup), targetId, reason, confidence 0–1, optional safetyNotes.",Structured output contract for AI Director before any provider exists. AI proposes; engine executes—Director never mutates ledger directly.,W1-S16 FakeProvider returns DirectorDecision; W4-S4 DirectorAgent; AIResult wraps suggestions (W1-S13); debug panel W4-S7; author-time beat suggestions with validation.,packages/core/tests/unit/schemas/directorDecision.test.ts (10 tests). Example: director-decision-suggest-beat.example.json.,2026-05-28,,,W1-S8
Complete,1,Phase 0 - Foundation,W1-S8,Create TemporaryInstance schema,"Create schema for short-lived caves, ruins, trials, dreams, and dungeons.",None unless external setup is discovered.,"packages/core/schemas, tests, examples.",No 2D/3D rendering; no real-time multiplayer; no public UGC discovery; no marketplace; no creator monetization; no social chat or voice; no complex avatar system; no full economy; no PvP; no VR; no hardcoded secrets; no broad refactors; no cross-phase work.,"TemporaryInstance, TemporaryInstanceRoom (v4.2).",requiredEntryFlags (not entranceConditionFlags); completionConsequenceId; optional description; cleanupBehavior includes remain_inactive; rooms may have connectedRoomIds.,Valid cave passes; missing entrance/completion/room shape fails.,Temporary instances validate before Phase 3 uses them.,Cave-shaped instance validates before Phase 3 runtime.,"Created packages/core/src/schemas/temporaryInstance.ts and TemporaryInstanceRoomSchema: requiredEntryFlags, completionConsequenceId, cleanupBehavior (+ remain_inactive), optional description, connectedRoomIds on rooms.","Stonepass proof chain: landslide exposes instance_hidden_cave with rooms, encounter, puzzle, collapse cleanup.","Phase 3 W5-S1–S7 instance runtime, room navigation, encounters, puzzles; 2D/3D can render same room graph later; generated instances must validate before play.",packages/core/tests/unit/schemas/temporaryInstance.test.ts (15 tests). Example: temporary-instance-hidden-cave.example.json.,2026-05-28,,,W1-S9
Complete,1,Phase 0 - Foundation,W1-S9,Create NPC schema,Create minimal NPC profile and tone-rule schema so NPC shape is not invented later.,None unless external setup is discovered.,"packages/core/schemas, tests, examples, packages/content/examples.",No 2D/3D rendering; no real-time multiplayer; no public UGC discovery; no marketplace; no creator monetization; no social chat or voice; no complex avatar system; no full economy; no PvP; no VR; no hardcoded secrets; no broad refactors; no cross-phase work.,NPC (v4.2 attitude merge).,Require id/name/role/description; attitude: friendly|neutral|hostile|afraid|curious|trusting|fearful; optional toneRules/knownFlags.,Valid ogre/elder NPC examples pass; missing name and invalid attitude fail.,NPC profiles validate and export for Stonepass content.,NPC profiles validate for Stonepass content authoring.,"Created packages/core/src/schemas/npc.ts: id, name, role, description, optional attitude (merged enum incl. trusting/fearful), toneRules, knownFlags.",Ogre and elder profiles for Stonepass dialogue tone and NPC memory. consequence.npcUpdates references npcId.,W4-S5 NPCReactionAgent; Stonepass showcase elder/ogre arcs; public UGC needs toneRules + safetyMode; Future_Features regional quest NPCs use same contract.,"packages/core/tests/unit/schemas/npc.test.ts (11 tests). Examples: npc-ogre.example.json, npc-elder.example.json.",2026-05-28,,,W1-S10
Complete,1,Phase 0 - Foundation,W1-S10,Create WorldDefinition schema,"Create top-level complete world contract that composes WorldDNA, StoryBeat, Consequence, NPC, and TemporaryInstance.",None unless external setup is discovered.,"packages/core/schemas, tests, examples.",No 2D/3D rendering; no real-time multiplayer; no public UGC discovery; no marketplace; no creator monetization; no social chat or voice; no complex avatar system; no full economy; no PvP; no VR; no hardcoded secrets; no broad refactors; no cross-phase work.,WorldDefinition + schemaVersion 0.2.0.,Require schemaVersion (CURRENT_SCHEMA_VERSION 0.2.0)/id/title/summary/worldDNA/startingBeatId/storyBeats/consequences/npcs. Shape-only validation; graph checks deferred to W1-S14.,Minimal valid Stonepass-like world passes; missing startingBeatId or components fail.,Complete world object can validate as one object.,WorldDefinition composes all Phase 0 contracts; graph validation deferred to W1-S14.,"Created packages/core/src/schemas/worldDefinition.ts + schemaVersion.ts (CURRENT_SCHEMA_VERSION 0.2.0). Composes WorldDNA, storyBeats, consequences, npcs, optional temporaryInstances. createWorldDefinitionShell() helper. Example world-definition-stonepass-minimal.example.json (composition demo only).",Single loadable world object for Stonepass and all official/generated worlds. Shape validation only until W1-S14 cross-file checks.,W1-S15 canonical world file; W2-S1 loader; W7-S5 generated worlds; fork/remix W10; health score W6; 2D/3D read same WorldDefinition.,packages/core/tests/unit/schemas/worldDefinition.test.ts (10 tests). Minimal Stonepass-like fixture passes at schemaVersion 0.2.0.,2026-05-28,,,W1-S11
Complete,1,Phase 0 - Foundation,W1-S11,Create WorldSession schema,"Create current play-state contract for current beat, ledger, active instance, turn number, choice history, and debug events.",None unless external setup is discovered.,"packages/core/schemas, packages/core/session, tests, examples.",No 2D/3D rendering; no real-time multiplayer; no public UGC discovery; no marketplace; no creator monetization; no social chat or voice; no complex avatar system; no full economy; no PvP; no VR; no hardcoded secrets; no broad refactors; no cross-phase work.,"WorldSession, DebugEvent (composition dependency).",Require schemaVersion/worldId/worldVersionId/currentBeatId/ledger/turnNumber/choiceHistory/debugEvents; ledger uses v4.2 WorldLedger.,New session passes; malformed ledger/currentBeatId/turn number fails.,Session state is canonical and not random React state.,New session parses; bad ledger/beat/turn rejected.,"Created packages/core/src/schemas/worldSession.ts (currentBeatId, ledger, turnNumber, choiceHistory, optional activeTemporaryInstanceId/currentTemporaryRoomId, debugEvents). Created debugEvent.ts (§9) for composition. createWorldSession(), parse/safeParse. Example world-session-stonepass-start.example.json.",Canonical save-state: not React local state. Every play session ties to worldId/worldVersionId and v4.2 ledger.,W2-S2 session init; W9 save/load; Phase 3 instance fields; debug trace UI; multiplayer would need session sync later (out of MVP).,packages/core/tests/unit/schemas/worldSession.test.ts (11 tests). npm test: 108 passed after step.,2026-05-28,,,W1-S12
Complete,1,Phase 0 - Foundation,W1-S12,Create DebugEvent schema,"Create debug trace contract for choices, consequences, flags, goals, AI suggestions, fallbacks, and validation failures.",None unless external setup is discovered.,"packages/core/schemas, packages/core/debug, tests, examples.",No 2D/3D rendering; no real-time multiplayer; no public UGC discovery; no marketplace; no creator monetization; no social chat or voice; no complex avatar system; no full economy; no PvP; no VR; no hardcoded secrets; no broad refactors; no cross-phase work.,DebugEvent (§9 enum).,Require id/turnNumber/type/summary; restrict type enum.,Valid debug events pass; invalid type/missing summary fail.,DebugEvent is available for runtime and UI traces.,DebugEvent available for runtime and UI traces; append helper exported.,"Extended W1-S11 debugEvent.ts with dedicated tests. Added packages/core/src/debug/appendDebugEvent.ts (immutable session append). Examples: debug-event-choice-selected, debug-event-consequence-applied, debug-event-fallback-used.","Explains why state changed (choice, consequence, fallback, validation_failed). Required for creator/debug panels and AI failure transparency.",W3-S5 runtime logs every transition; W4-S6 fallback_used events; W4-S7 reasoning panel; playtest reports cite debug trail.,debugEvent.test.ts (8 tests); appendDebugEvent.test.ts (2 tests). npm test: 118 passed.,2026-05-28,,,W1-S13
Complete,1,Phase 0 - Foundation,W1-S13,Create AIResult contract,"Create wrapper for AI output with validation status, raw output, provider, fallback, errors, latency, and seed.",None unless external setup is discovered.,"packages/core/schemas or packages/ai/contracts, tests, examples.",No 2D/3D rendering; no real-time multiplayer; no public UGC discovery; no marketplace; no creator monetization; no social chat or voice; no complex avatar system; no full economy; no PvP; no VR; no hardcoded secrets; no broad refactors; no cross-phase work.,AIResult<T> (§9).,Require ok/provider/fallbackUsed; optional value/raw/validationErrors/latencyMs/generationSeed.,Valid success/failure AIResult objects pass; malformed provider/fallback shape fails.,AI calls have a canonical result wrapper before runtime use.,Success and failure AIResult objects validate; typed Director wrapper works.,"Created packages/core/src/schemas/aiResult.ts: AIResultSchema, createAIResultSchema(valueSchema) for typed value (e.g. DirectorDecision), parse/safeParse/parseTypedAIResult. Examples: ai-result-success-director, ai-result-validation-failure.","Wrapper for all AI Gateway responses: ok, provider, fallbackUsed, validationErrors, raw, latencyMs, generationSeed. Enforces AI proposes / validators check / engine executes.","W1-S16 FakeProvider returns AIResult; W4-S1 Gateway; all agents (Director, NPC, Architect, Playtester, Critic); never pass raw model JSON into gameplay.",packages/core/tests/unit/schemas/aiResult.test.ts (13 tests). npm test: 131 passed.,2026-05-28,,,W1-S14
Complete,1,Phase 0 - Foundation,W1-S14,Create cross-file world validator,"Create validateWorldDefinition.ts to check references, graph integrity, duplicate IDs, reachable beats, and known flags.",None unless external setup is discovered.,"packages/core/validators, tests, Stonepass examples.",No 2D/3D rendering; no real-time multiplayer; no public UGC discovery; no marketplace; no creator monetization; no social chat or voice; no complex avatar system; no full economy; no PvP; no VR; no hardcoded secrets; no broad refactors; no cross-phase work.,WorldDefinition + cross-file rules (§11).,"Refs, duplicates, flags (produced/precondition/system_/external_), reachability fixpoint, dead-end choices.","Valid Stonepass-like world passes; missing consequence, duplicate ID, unreachable beat, and bad flag fail.",Whole-world validation exists before generated worlds are allowed.,Cross-file validator done; 142 tests passing (2026-05-28).,"Created packages/core/src/validators/validateWorldDefinition.ts and parseAndValidateWorldDefinition(): reference integrity, duplicate IDs, flag vocabulary, reachability fixpoint from startingBeatId, dead-end choice checks. Exported from @playable-worlds/core.",Second validation layer (§11). Prevents broken Stonepass/graph worlds from reaching runtime or generation pipelines.,W1-S15 Stonepass must pass; W2-S1 loader calls this; W7-S5 generated worlds; W6 health score reuses checks; W11 playtester; share/fork blocked on invalid worlds.,packages/core/tests/unit/validators/validateWorldDefinition.test.ts (11 tests). world-definition-stonepass-minimal.example.json passes. npm test: 142 passed.,2026-05-28,,,W1-S15
Complete,1,Phase 0 - Foundation,W1-S15,Create Stonepass Valley world JSON,"Create manual Stonepass world data for ogre bridge scenario with fight, trick, feed, talk, and sneak choices.",None unless external setup is discovered.,"packages/content/worlds/stonepass, examples, validation tests.",No 2D/3D rendering; no real-time multiplayer; no public UGC discovery; no marketplace; no creator monetization; no social chat or voice; no complex avatar system; no full economy; no PvP; no VR; no hardcoded secrets; no broad refactors; no cross-phase work.,"WorldDefinition, WorldDNA, StoryBeat, PlayerChoice, Consequence, NPC, TemporaryInstance references as needed.",Stonepass must pass WorldDefinitionSchema and validateWorldDefinition.,Stonepass data validates; invalid fixture fails.,Stonepass can be represented fully in JSON and validated.,Canonical Stonepass v1 world at packages/content/worlds/stonepass/stonepass-valley.world.json passes parseAndValidateWorldDefinition; invalid example fails cross-file validation.,"Created packages/content/worlds/stonepass/stonepass-valley.world.json (schemaVersion 0.2.0): 5 ogre beats/choices with fully authored consequences, post-ogre beats (landslide aftermath, peaceful valley square, elder counsel, dragon ending), hidden cave TemporaryInstance, ogre+elder NPCs, fight→landslide→cave→dragon_awake proof chain. Added packages/content/examples/world-definition-stonepass-invalid.example.json. Added packages/core/tests/unit/content/stonepassWorld.test.ts (3 tests). Used ogre_peaceful_crossing path flag so peaceful beats stay reachable under validateWorldDefinition fixpoint.",Production Stonepass content separate from examples/ composition demo. W2-S1 loader target; Phase 1–3 path tests and cave/dragon chain read this file.,W2-S1 loader; W2-S7/W5-S6/W6-S1 path and E2E tests; showcase v2 extends same world file; Mosswood and generated worlds follow same WorldDefinition contract.,packages/core/tests/unit/content/stonepassWorld.test.ts (3 tests). Full suite 2026-05-28: npm test 145 passed; npm run typecheck; npm run lint pass.,2026-05-28,,,W1-S16
Complete,1,Phase 0 - Foundation,W1-S16,Create minimal AIProvider interface and FakeProvider,"Create provider-agnostic AI contract and deterministic fake provider for tests, without real API calls.",None unless external setup is discovered.,"packages/ai/gateway, packages/ai/providers, packages/ai/tests, .env.example.",No 2D/3D rendering; no real-time multiplayer; no public UGC discovery; no marketplace; no creator monetization; no social chat or voice; no complex avatar system; no full economy; no PvP; no VR; no hardcoded secrets; no broad refactors; no cross-phase work.,"AIProvider, AIRequest, FakeProvider, AIResult integration.",FakeProvider validates structured output through provided schema and can simulate failure.,FakeProvider valid result passes; invalid result and provider failure are testable.,FakeProvider can return a valid DirectorDecision and failure cases before real AI work.,FakeProvider returns AIResult-wrapped DirectorDecision; success, validation failure, and provider error paths tested.,"Created packages/ai/src/contracts/aiRequest.ts (AIRequestSchema), aiProvider.ts (AIProvider interface returning AIResultOf<T>), providers/fakeProvider.ts (success/invalid/error scenarios, task-specific responses). Exported from @playable-worlds/ai. Added packages/ai/tests/unit/providers/fakeProvider.test.ts (5 tests). packages/ai depends on @playable-worlds/core; core package.json exports entry added. .env.example notes FakeProvider needs no API keys.",Completes Phase 0 foundation. Deterministic AI layer for tests before OpenAI/Anthropic; enforces schema validation on all FakeProvider output.,W4-S1 AI Gateway wraps providers; W4-S2 expanded FakeProvider scenarios; DirectorAgent and all agents use AIProvider; never raw model JSON in gameplay.,packages/ai/tests/unit/providers/fakeProvider.test.ts (5 tests). Full suite 2026-05-28: npm test 150 passed; npm run typecheck; npm run lint pass.,2026-05-28,,,W2-S1
Next,2,Phase 1 - Text Runtime,W2-S1,Build world JSON loader,Load a validated WorldDefinition from content files.,None unless external setup is discovered.,"packages/core/world, packages/content/worlds/stonepass, loader tests.",No 2D/3D rendering; no real-time multiplayer; no public UGC discovery; no marketplace; no creator monetization; no social chat or voice; no complex avatar system; no full economy; no PvP; no VR; no hardcoded secrets; no broad refactors; no cross-phase work.,WorldDefinition.,Call schema parse and validateWorldDefinition.,Loader accepts Stonepass and rejects broken fixture.,Runtime can load validated Stonepass without AI.,Awaiting implementation. Phase 0 complete; Stonepass JSON and FakeProvider ready.,"PLANNED (Status Next): packages/core/world loader — load stonepass-valley.world.json, parseAndValidateWorldDefinition, reject invalid fixture.",First Phase 1 runtime piece; text playthrough depends on loading canonical Stonepass.,W2-S2 session init; W2-S4–S7 path tests; W6 E2E; generated worlds use same loader + validator.,PLANNED: loader unit tests against stonepass + invalid fixture.,2026-05-28 (planned),,,W2-S2
Not started,2,Phase 1 - Text Runtime,W2-S2,Initialize WorldSession object,Create a new WorldSession from a WorldDefinition startingBeatId and empty ledger/debug state.,None unless external setup is discovered.,"packages/core/session, runtime tests.",No 2D/3D rendering; no real-time multiplayer; no public UGC discovery; no marketplace; no creator monetization; no social chat or voice; no complex avatar system; no full economy; no PvP; no VR; no hardcoded secrets; no broad refactors; no cross-phase work.,"WorldSession, WorldLedger, DebugEvent.",Validate session after creation.,New session starts at startingBeatId with turn 0 and empty choice/debug history.,Session is valid and ready for play.,,,,,,,,,W2-S3
Not started,2,Phase 1 - Text Runtime,W2-S3,Build story beat selector,Select current or next valid StoryBeat from session state and ledger flags.,None unless external setup is discovered.,"packages/core/story, packages/core/runtime, tests.",No 2D/3D rendering; no real-time multiplayer; no public UGC discovery; no marketplace; no creator monetization; no social chat or voice; no complex avatar system; no full economy; no PvP; no VR; no hardcoded secrets; no broad refactors; no cross-phase work.,"StoryBeat, WorldSession, WorldLedger.","Respect requiredFlags, blockedByFlags, hidden/ending markers.",Available beat selected; blocked beat ignored; missing beat fails gracefully.,Runtime can select a valid current beat.,,,,,,,,,W2-S4
Not started,2,Phase 1 - Text Runtime,W2-S4,Build choice resolver,Resolve a player choice only if the choice exists and its requirements are satisfied.,None unless external setup is discovered.,"packages/core/runtime, tests.",No 2D/3D rendering; no real-time multiplayer; no public UGC discovery; no marketplace; no creator monetization; no social chat or voice; no complex avatar system; no full economy; no PvP; no VR; no hardcoded secrets; no broad refactors; no cross-phase work.,"PlayerChoice, StoryBeat, WorldSession.","Reject invalid choice, blocked choice, and unmet requirements.",fight/feed/sneak/talk/trick resolve; fake choice fails.,Invalid choices are blocked deterministically.,,,,,,,,,W2-S5
Not started,2,Phase 1 - Text Runtime,W2-S5,Apply first consequence through runtime,Apply a selected consequence through deterministic runtime code.,None unless external setup is discovered.,"packages/core/runtime, consequence tests.",No 2D/3D rendering; no real-time multiplayer; no public UGC discovery; no marketplace; no creator monetization; no social chat or voice; no complex avatar system; no full economy; no PvP; no VR; no hardcoded secrets; no broad refactors; no cross-phase work.,"Consequence, WorldLedger, DebugEvent, WorldSession.",Consequence must exist and be applicable; session validates after update.,"First ogre consequence updates flags, goal, ledger, debug event.",A player choice creates a real remembered world change.,,,,,,,,,W2-S6
Not started,2,Phase 1 - Text Runtime,W2-S6,Build text play screen,Create minimal browser text play screen for Stonepass choices.,None unless external setup is discovered.,"apps/web features/world-play, minimal components, smoke tests.",No 2D/3D rendering; no real-time multiplayer; no public UGC discovery; no marketplace; no creator monetization; no social chat or voice; no complex avatar system; no full economy; no PvP; no VR; no hardcoded secrets; no broad refactors; no cross-phase work.,WorldSession surface only.,"UI must use runtime functions, not mutate state directly.",Smoke test page renders and offers valid choices.,User can start Stonepass and choose a valid action in browser.,,,,,,,,,W2-S7
Not started,2,Phase 1 - Text Runtime,W2-S7,Add manual Stonepass path tests,Add deterministic tests for the initial ogre choice path without AI.,None unless external setup is discovered.,"packages/core/tests/integration, apps/web smoke tests if available.",No 2D/3D rendering; no real-time multiplayer; no public UGC discovery; no marketplace; no creator monetization; no social chat or voice; no complex avatar system; no full economy; no PvP; no VR; no hardcoded secrets; no broad refactors; no cross-phase work.,"WorldDefinition, WorldSession, Consequence.",Validate world and session before/after action.,"Player can start Stonepass, select each ogre choice, and record ledger/debug events.",Phase 1 proof path works without AI.,,,,,,,,,W3-S1
Not started,3,Phase 1 - Text Runtime,W3-S1,Build Consequence Engine core function,Centralize consequence application in a deterministic engine function.,None unless external setup is discovered.,"packages/core/consequence, packages/core/runtime, tests.",No 2D/3D rendering; no real-time multiplayer; no public UGC discovery; no marketplace; no creator monetization; no social chat or voice; no complex avatar system; no full economy; no PvP; no VR; no hardcoded secrets; no broad refactors; no cross-phase work.,"Consequence, WorldLedger, WorldSession.",Validate input consequence and post-state.,addFlags/removeFlags/unlockGoals/visibleChanges are applied correctly.,No feature bypasses the Consequence Engine.,,,,,,,,,W3-S2
Not started,3,Phase 1 - Text Runtime,W3-S2,Validate consequence preconditions,Block consequences when prerequisites or session/world references are invalid.,None unless external setup is discovered.,"packages/core/consequence, validators, tests.",No 2D/3D rendering; no real-time multiplayer; no public UGC discovery; no marketplace; no creator monetization; no social chat or voice; no complex avatar system; no full economy; no PvP; no VR; no hardcoded secrets; no broad refactors; no cross-phase work.,"Consequence, WorldDefinition, WorldSession.","Check existence, required flags, blocked flags, known references.",Unmet prereq and fake consequence fail deterministically.,Bad consequence application is rejected.,,,,,,,,,W3-S3
Not started,3,Phase 1 - Text Runtime,W3-S3,Finalize flag lifecycle rules,"Define how activeFlags, resolvedFlags, requiredFlags, and blockedByFlags behave.",None unless external setup is discovered.,"packages/core/ledger, packages/core/consequence, tests, docs.",No 2D/3D rendering; no real-time multiplayer; no public UGC discovery; no marketplace; no creator monetization; no social chat or voice; no complex avatar system; no full economy; no PvP; no VR; no hardcoded secrets; no broad refactors; no cross-phase work.,WorldLedger flag model.,No duplicate flags; add/remove/resolve logic consistent.,Flag add/remove/resolve paths pass.,Flags behave predictably across choices and beats.,,,,,,,,,W3-S4
Not started,3,Phase 1 - Text Runtime,W3-S4,Build World Ledger UI panel,"Show active flags, resolved flags, events, discovered locations, and unlocked goals in browser/debug UI.",None unless external setup is discovered.,"apps/web/features/world-debug, components, smoke tests.",No 2D/3D rendering; no real-time multiplayer; no public UGC discovery; no marketplace; no creator monetization; no social chat or voice; no complex avatar system; no full economy; no PvP; no VR; no hardcoded secrets; no broad refactors; no cross-phase work.,WorldLedger.,Read-only panel; no direct mutation.,Panel renders ledger entries after a choice.,Human can inspect what the world remembers.,,,,,,,,,W3-S5
Not started,3,Phase 1 - Text Runtime,W3-S5,Add debug log model usage,Use DebugEvent schema for every important runtime transition.,None unless external setup is discovered.,"packages/core/debug, runtime integration, tests.",No 2D/3D rendering; no real-time multiplayer; no public UGC discovery; no marketplace; no creator monetization; no social chat or voice; no complex avatar system; no full economy; no PvP; no VR; no hardcoded secrets; no broad refactors; no cross-phase work.,DebugEvent.,Every DebugEvent validates; include validation failures and fallback use where applicable.,"Choice selected, consequence applied, flags changed, next goal selected, validation failure logged.",Every world change can be traced.,,,,,,,,,W3-S6
Not started,3,Phase 1 - Text Runtime,W3-S6,Build debug log UI panel,Render DebugEvent entries for the human/operator.,None unless external setup is discovered.,"apps/web/features/world-debug, components, smoke tests.",No 2D/3D rendering; no real-time multiplayer; no public UGC discovery; no marketplace; no creator monetization; no social chat or voice; no complex avatar system; no full economy; no PvP; no VR; no hardcoded secrets; no broad refactors; no cross-phase work.,DebugEvent.,Read-only UI; no mutation.,Debug panel displays choice/consequence/flag/goal entries.,Operator can see why the world changed.,,,,,,,,,W3-S7
Not started,3,Phase 1 - Text Runtime,W3-S7,Phase 1 acceptance hardening,Run the full Phase 1 acceptance path and close obvious runtime gaps.,None unless external setup is discovered.,"narrow runtime tests, small bug fixes within Phase 1 scope.",No 2D/3D rendering; no real-time multiplayer; no public UGC discovery; no marketplace; no creator monetization; no social chat or voice; no complex avatar system; no full economy; no PvP; no VR; no hardcoded secrets; no broad refactors; no cross-phase work.,"WorldDefinition, WorldSession, WorldLedger, DebugEvent.",World and session validation must pass after every tested action.,"Stonepass starts, choices resolve, consequences apply, ledger/debug update, invalid choice blocked.",Phase 1 gate is ready for human approval.,,,,,,,,,W4-S1
Not started,4,Phase 2 - AI Director v1,W4-S1,Build AI Gateway around provider contracts,Create AI Gateway that routes structured calls through providers and schemas.,None unless external setup is discovered.,"packages/ai/gateway, tests.",No 2D/3D rendering; no real-time multiplayer; no public UGC discovery; no marketplace; no creator monetization; no social chat or voice; no complex avatar system; no full economy; no PvP; no VR; no hardcoded secrets; no broad refactors; no cross-phase work.,"AIProvider, AIRequest, AIResult.",All provider output must validate against requested schema.,"Gateway returns AIResult success, validation failure, and fallback states.",No system calls provider directly.,,,,,,,,,W4-S2
Not started,4,Phase 2 - AI Director v1,W4-S2,Expand FakeProvider scenarios,"Add deterministic canned responses, invalid output, thrown failure, and seed support.",None unless external setup is discovered.,"packages/ai/providers/fakeProvider, tests.",No 2D/3D rendering; no real-time multiplayer; no public UGC discovery; no marketplace; no creator monetization; no social chat or voice; no complex avatar system; no full economy; no PvP; no VR; no hardcoded secrets; no broad refactors; no cross-phase work.,"FakeProvider, AIResult.",Fake responses validate or fail predictably.,"Valid, invalid, thrown error, and seeded outputs are covered.",Local/test AI behavior is reproducible.,,,,,,,,,W4-S3
Not started,4,Phase 2 - AI Director v1,W4-S3,Create OpenAIProvider placeholder or implementation,Create safe provider placeholder or env-var-backed implementation without hardcoded secrets.,Human provides API key through env vars only if real provider calls are requested.,"packages/ai/providers, .env.example, tests.",No 2D/3D rendering; no real-time multiplayer; no public UGC discovery; no marketplace; no creator monetization; no social chat or voice; no complex avatar system; no full economy; no PvP; no VR; no hardcoded secrets; no broad refactors; no cross-phase work.,"AIProvider, AIResult.",Never return raw output directly into gameplay.,No-key placeholder path works; env var names documented; no secrets committed.,Real-provider path is safe and optional.,,,,,,,,,W4-S4
Not started,4,Phase 2 - AI Director v1,W4-S4,Build DirectorAgent,"Use AI Gateway to suggest next beat, recap, session wrap-up, or instance request without mutating state.",None unless external setup is discovered.,"packages/ai/agents/directorAgent, tests.",No 2D/3D rendering; no real-time multiplayer; no public UGC discovery; no marketplace; no creator monetization; no social chat or voice; no complex avatar system; no full economy; no PvP; no VR; no hardcoded secrets; no broad refactors; no cross-phase work.,"DirectorDecision, AIResult, WorldSession.",DirectorDecision schema validation and fallback required.,Valid suggestion passes; invalid output rejected; fallback fires.,AI can suggest but cannot execute permanent truth changes.,,,,,,,,,W4-S5
Not started,4,Phase 2 - AI Director v1,W4-S5,Build NPCReactionAgent,Generate short NPC reactions within tone and safety rules.,None unless external setup is discovered.,"packages/ai/agents/npcAgent, tests.",No 2D/3D rendering; no real-time multiplayer; no public UGC discovery; no marketplace; no creator monetization; no social chat or voice; no complex avatar system; no full economy; no PvP; no VR; no hardcoded secrets; no broad refactors; no cross-phase work.,"NPC, AIResult, safetyMode.","Tone/safety constraints, max length, no direct ledger mutation.",Ogre/elder reaction examples pass; unsafe/off-tone output rejected or falls back.,NPC flavor can adapt safely.,,,,,,,,,W4-S6
Not started,4,Phase 2 - AI Director v1,W4-S6,Integrate fallback and failure behavior,"Ensure game remains playable when AI fails, times out, or returns invalid data.",None unless external setup is discovered.,"packages/ai/gateway, packages/core/runtime integration, tests.",No 2D/3D rendering; no real-time multiplayer; no public UGC discovery; no marketplace; no creator monetization; no social chat or voice; no complex avatar system; no full economy; no PvP; no VR; no hardcoded secrets; no broad refactors; no cross-phase work.,"AIResult, DebugEvent.",Fallback must log DebugEvent and never block gameplay.,AI failure still lets player continue; fallback_used debug event appears.,Runtime does not depend on successful AI calls.,,,,,,,,,W4-S7
Not started,4,Phase 2 - AI Director v1,W4-S7,Show Director reasoning panel,"Display AI suggestions, confidence, reason, fallback state, and validation errors in debug UI.",None unless external setup is discovered.,"apps/web/features/world-debug, components, smoke tests.",No 2D/3D rendering; no real-time multiplayer; no public UGC discovery; no marketplace; no creator monetization; no social chat or voice; no complex avatar system; no full economy; no PvP; no VR; no hardcoded secrets; no broad refactors; no cross-phase work.,"DirectorDecision, AIResult, DebugEvent.",Read-only panel; no direct state mutation.,Panel shows valid suggestion and fallback case.,Human can inspect AI reasoning safely.,,,,,,,,,W5-S1
Not started,5,Phase 3 - Temporary Instances,W5-S1,Generate or load cave from cave_exposed flag,Activate a short cave instance only when Stonepass consequence exposes it.,None unless external setup is discovered.,"packages/core/instances, packages/content/worlds/stonepass, tests.",No 2D/3D rendering; no real-time multiplayer; no public UGC discovery; no marketplace; no creator monetization; no social chat or voice; no complex avatar system; no full economy; no PvP; no VR; no hardcoded secrets; no broad refactors; no cross-phase work.,"TemporaryInstance, WorldSession.",cave_exposed required; instance reference must exist.,No flag blocks cave; cave_exposed allows cave entry.,Cave cannot appear without correct world state.,,,,,,,,,W5-S2
Not started,5,Phase 3 - Temporary Instances,W5-S2,Create room system,Track currentTemporaryRoomId and move through instance rooms.,None unless external setup is discovered.,"packages/core/instances, packages/core/session, tests.",No 2D/3D rendering; no real-time multiplayer; no public UGC discovery; no marketplace; no creator monetization; no social chat or voice; no complex avatar system; no full economy; no PvP; no VR; no hardcoded secrets; no broad refactors; no cross-phase work.,"TemporaryInstanceRoom, WorldSession.",Room IDs must exist in active instance.,"Enter first room, move valid room, reject missing room.",Player can navigate simple temporary instance rooms.,,,,,,,,,W5-S3
Not started,5,Phase 3 - Temporary Instances,W5-S3,Create encounter system,Add simple encounter interaction inside temporary instance.,None unless external setup is discovered.,"packages/core/instances, content, tests.",No 2D/3D rendering; no real-time multiplayer; no public UGC discovery; no marketplace; no creator monetization; no social chat or voice; no complex avatar system; no full economy; no PvP; no VR; no hardcoded secrets; no broad refactors; no cross-phase work.,"TemporaryInstanceRoom, Consequence as needed.",Encounter text/choice must be valid and bounded.,Encounter interaction records ledger/debug event.,Cave can contain one meaningful encounter.,,,,,,,,,W5-S4
Not started,5,Phase 3 - Temporary Instances,W5-S4,Create puzzle system,Add simple puzzle interaction inside temporary instance.,None unless external setup is discovered.,"packages/core/instances, content, tests.",No 2D/3D rendering; no real-time multiplayer; no public UGC discovery; no marketplace; no creator monetization; no social chat or voice; no complex avatar system; no full economy; no PvP; no VR; no hardcoded secrets; no broad refactors; no cross-phase work.,TemporaryInstanceRoom.,Puzzle must have clear completion condition.,Puzzle can be completed and fails gracefully if invalid.,Cave can contain one meaningful puzzle.,,,,,,,,,W5-S5
Not started,5,Phase 3 - Temporary Instances,W5-S5,Apply instance completion consequence and cleanup,"Resolve the cave, apply completionConsequenceId, and run vanish/collapse/seal/resolve behavior.",None unless external setup is discovered.,"packages/core/instances, consequence engine, tests.",No 2D/3D rendering; no real-time multiplayer; no public UGC discovery; no marketplace; no creator monetization; no social chat or voice; no complex avatar system; no full economy; no PvP; no VR; no hardcoded secrets; no broad refactors; no cross-phase work.,"TemporaryInstance, Consequence, WorldSession, DebugEvent.",Completion consequence must exist; cleanup behavior must be allowed.,Completing cave applies consequence and logs cleanup.,Cave resolves and returns control to main world.,,,,,,,,,W5-S6
Not started,5,Phase 3 - Temporary Instances,W5-S6,Awaken dragon and return to main world,Complete Stonepass cave path by adding dragon_awake and a new main-world goal.,None unless external setup is discovered.,"packages/content/worlds/stonepass, runtime/instance tests.",No 2D/3D rendering; no real-time multiplayer; no public UGC discovery; no marketplace; no creator monetization; no social chat or voice; no complex avatar system; no full economy; no PvP; no VR; no hardcoded secrets; no broad refactors; no cross-phase work.,"Consequence, WorldLedger, WorldSession.",dragon_awake flag and unlocked goal must validate.,ogre -> landslide -> cave -> dragon path passes.,Phase 3 core fantasy chain works.,,,,,,,,,W5-S7
Not started,5,Phase 3 - Temporary Instances,W5-S7,Temporary instance acceptance tests,Add integration tests for the cave flow and failure paths.,None unless external setup is discovered.,"packages/core/tests/integration, content fixtures.",No 2D/3D rendering; no real-time multiplayer; no public UGC discovery; no marketplace; no creator monetization; no social chat or voice; no complex avatar system; no full economy; no PvP; no VR; no hardcoded secrets; no broad refactors; no cross-phase work.,"TemporaryInstance, WorldSession, DebugEvent.",Validate before/after instance entry/completion.,"Cave requires flag, has rooms/goal/completion/exit, resolves, dragon awakens.",Phase 3 gate is ready for human approval.,,,,,,,,,W6-S1
Not started,6,Stonepass Hardening + World Health Score v1,W6-S1,Run full Stonepass end-to-end path tests,Test ogre -> landslide -> cave -> dragon as one complete player journey.,None unless external setup is discovered.,"integration tests, narrow runtime fixes.",No 2D/3D rendering; no real-time multiplayer; no public UGC discovery; no marketplace; no creator monetization; no social chat or voice; no complex avatar system; no full economy; no PvP; no VR; no hardcoded secrets; no broad refactors; no cross-phase work.,All MVP runtime contracts.,World/session/debug validation at each major transition.,Full path passes; invalid branch and missing reference fail.,Stonepass works as a complete proof path.,,,,,,,,,W6-S2
Not started,6,Stonepass Hardening + World Health Score v1,W6-S2,Create health score categories,Define deterministic scoring categories for generated and official worlds.,None unless external setup is discovered.,"packages/core/health, tests, docs.",No 2D/3D rendering; no real-time multiplayer; no public UGC discovery; no marketplace; no creator monetization; no social chat or voice; no complex avatar system; no full economy; no PvP; no VR; no hardcoded secrets; no broad refactors; no cross-phase work.,WorldDefinition.,Categories must be deterministic and explainable.,"Scores include goal clarity, consequence quality, completion path, flag consistency, replayability.",Health score model is defined.,,,,,,,,,W6-S3
Not started,6,Stonepass Hardening + World Health Score v1,W6-S3,Add deterministic world checks,"Implement non-AI world checks for path, flags, goals, dead ends, and references.",None unless external setup is discovered.,"packages/core/health, validators, tests.",No 2D/3D rendering; no real-time multiplayer; no public UGC discovery; no marketplace; no creator monetization; no social chat or voice; no complex avatar system; no full economy; no PvP; no VR; no hardcoded secrets; no broad refactors; no cross-phase work.,WorldDefinition.,Reuse validateWorldDefinition where possible.,Broken world scores low; valid Stonepass passes.,Health checks catch structural issues without AI.,,,,,,,,,W6-S4
Not started,6,Stonepass Hardening + World Health Score v1,W6-S4,Add optional AI critic summary,Use AI to summarize quality concerns only after deterministic checks run.,None unless external setup is discovered.,"packages/ai/agents/criticAgent, health integration, tests.",No 2D/3D rendering; no real-time multiplayer; no public UGC discovery; no marketplace; no creator monetization; no social chat or voice; no complex avatar system; no full economy; no PvP; no VR; no hardcoded secrets; no broad refactors; no cross-phase work.,"AIResult, DebugEvent.",AI critic cannot override deterministic checks.,Critic summary present when provider works; fallback if AI fails.,AI critic is advisory only.,,,,,,,,,W6-S5
Not started,6,Stonepass Hardening + World Health Score v1,W6-S5,Calculate and expose overall health score,Combine health checks into one explainable score and category breakdown.,None unless external setup is discovered.,"packages/core/health, apps/web debug/creator panels, tests.",No 2D/3D rendering; no real-time multiplayer; no public UGC discovery; no marketplace; no creator monetization; no social chat or voice; no complex avatar system; no full economy; no PvP; no VR; no hardcoded secrets; no broad refactors; no cross-phase work.,"WorldDefinition, DebugEvent as needed.",Score must be deterministic for same input.,Stonepass acceptable; no-next-goal world low; invalid consequence fails.,World Health Score v1 exists and is explainable.,,,,,,,,,W6-S6
Not started,6,Stonepass Hardening + World Health Score v1,W6-S6,Show health score in debug UI,Render health score and failed checks in human-facing debug UI.,None unless external setup is discovered.,"apps/web/features/world-debug, components, smoke tests.",No 2D/3D rendering; no real-time multiplayer; no public UGC discovery; no marketplace; no creator monetization; no social chat or voice; no complex avatar system; no full economy; no PvP; no VR; no hardcoded secrets; no broad refactors; no cross-phase work.,Health report object.,Read-only UI.,Panel renders score and broken checks.,Operator can see world health before generation/share.,,,,,,,,,W7-S1
Not started,7,Phase 5 - Prompt-to-World DNA,W7-S1,Build WorldArchitectAgent shell,Create agent shell that turns user prompt into structured world draft pieces through AI Gateway.,None unless external setup is discovered.,"packages/ai/agents/worldArchitectAgent, tests.",No 2D/3D rendering; no real-time multiplayer; no public UGC discovery; no marketplace; no creator monetization; no social chat or voice; no complex avatar system; no full economy; no PvP; no VR; no hardcoded secrets; no broad refactors; no cross-phase work.,"AIResult, WorldDefinition draft.",No raw save; all output must validate before preview.,FakeProvider path returns a valid draft shell; invalid output rejected.,Prompt generation has a safe shell.,,,,,,,,,W7-S2
Not started,7,Phase 5 - Prompt-to-World DNA,W7-S2,Generate WorldDNA from prompt,Generate teen/adult WorldDNA from user prompt.,None unless external setup is discovered.,"WorldArchitectAgent, schema tests.",No 2D/3D rendering; no real-time multiplayer; no public UGC discovery; no marketplace; no creator monetization; no social chat or voice; no complex avatar system; no full economy; no PvP; no VR; no hardcoded secrets; no broad refactors; no cross-phase work.,WorldDNA.,safetyMode teen/adult only; no unsupported enum values.,Fantasy/cozy/mystery prompts produce valid WorldDNA; invalid mode rejected.,Prompt can produce valid WorldDNA.,,,,,,,,,W7-S3
Not started,7,Phase 5 - Prompt-to-World DNA,W7-S3,Generate title and summary,Generate world title and summary from prompt and WorldDNA.,None unless external setup is discovered.,"WorldArchitectAgent, tests.",No 2D/3D rendering; no real-time multiplayer; no public UGC discovery; no marketplace; no creator monetization; no social chat or voice; no complex avatar system; no full economy; no PvP; no VR; no hardcoded secrets; no broad refactors; no cross-phase work.,WorldDefinition title/summary fields.,"Non-empty, tone-aligned, safety-compliant.",Generated title/summary validate and fit prompt.,Generated world has clear identity.,,,,,,,,,W7-S4
Not started,7,Phase 5 - Prompt-to-World DNA,W7-S4,Generate starting story beat,Generate a starting beat with at least one valid choice and consequence reference.,None unless external setup is discovered.,"WorldArchitectAgent, content preview, tests.",No 2D/3D rendering; no real-time multiplayer; no public UGC discovery; no marketplace; no creator monetization; no social chat or voice; no complex avatar system; no full economy; no PvP; no VR; no hardcoded secrets; no broad refactors; no cross-phase work.,"StoryBeat, PlayerChoice, Consequence.",Starting beat and first consequence validate; reference integrity checked.,Generated starting beat has goal/choice/consequence and no broken refs.,Generated world has a playable starting point.,,,,,,,,,W7-S5
Not started,7,Phase 5 - Prompt-to-World DNA,W7-S5,Validate generated WorldDefinition,Assemble generated draft into WorldDefinition and run schema plus cross-file validation.,None unless external setup is discovered.,"WorldArchitectAgent, validateWorldDefinition integration, tests.",No 2D/3D rendering; no real-time multiplayer; no public UGC discovery; no marketplace; no creator monetization; no social chat or voice; no complex avatar system; no full economy; no PvP; no VR; no hardcoded secrets; no broad refactors; no cross-phase work.,WorldDefinition.,Full cross-file validator required before preview/save.,Good generated fixture passes; missing consequence/unreachable beat fails.,Generated world draft cannot bypass validator.,,,,,,,,,W7-S6
Not started,7,Phase 5 - Prompt-to-World DNA,W7-S6,Show generated world preview,Show preview for generated world data without public publishing.,None unless external setup is discovered.,"apps/web/features/world-create, preview components, smoke tests.",No 2D/3D rendering; no real-time multiplayer; no public UGC discovery; no marketplace; no creator monetization; no social chat or voice; no complex avatar system; no full economy; no PvP; no VR; no hardcoded secrets; no broad refactors; no cross-phase work.,"WorldDefinition, health score if available.",Preview only; do not save as official template unless approved.,Preview displays generated world and validation result.,User can inspect a generated world before play/save.,,,,,,,,,W8-S1
Not started,8,Phase 5 - Story Beat Graph Generator,W8-S1,Generate 3-5 story beats,Generate a small multi-beat graph for a text world.,None unless external setup is discovered.,"WorldArchitectAgent, story graph generation tests.",No 2D/3D rendering; no real-time multiplayer; no public UGC discovery; no marketplace; no creator monetization; no social chat or voice; no complex avatar system; no full economy; no PvP; no VR; no hardcoded secrets; no broad refactors; no cross-phase work.,"StoryBeat, Consequence, WorldDefinition.",Each beat must have trigger and valid choices or ending.,Generated 3-5 beat graph validates.,Generated world can be more than one starting beat.,,,,,,,,,W8-S2
Not started,8,Phase 5 - Story Beat Graph Generator,W8-S2,Connect beats through conditions and flags,"Connect story beats using requiredFlags, blockedByFlags, and consequences.",None unless external setup is discovered.,"story graph generation, validators, tests.",No 2D/3D rendering; no real-time multiplayer; no public UGC discovery; no marketplace; no creator monetization; no social chat or voice; no complex avatar system; no full economy; no PvP; no VR; no hardcoded secrets; no broad refactors; no cross-phase work.,"StoryBeat, Consequence, WorldLedger flags.",Every dependency must be produced or marked system/external.,Flag-connected path passes; bad dependency fails.,Generated graph has logical conditional flow.,,,,,,,,,W8-S3
Not started,8,Phase 5 - Story Beat Graph Generator,W8-S3,Add branch support,Support multiple player routes and consequence-driven branches.,None unless external setup is discovered.,"graph generation, runtime selector tests.",No 2D/3D rendering; no real-time multiplayer; no public UGC discovery; no marketplace; no creator monetization; no social chat or voice; no complex avatar system; no full economy; no PvP; no VR; no hardcoded secrets; no broad refactors; no cross-phase work.,"StoryBeat, PlayerChoice, Consequence.",Branches cannot soft-lock and must converge or end intentionally.,At least two distinct branches validate and play through.,Generated worlds can support replay variation.,,,,,,,,,W8-S4
Not started,8,Phase 5 - Story Beat Graph Generator,W8-S4,Render story graph as list or tree,Show generated story graph in creator/debug UI.,None unless external setup is discovered.,"apps/web/features/world-debug or world-create, components, smoke tests.",No 2D/3D rendering; no real-time multiplayer; no public UGC discovery; no marketplace; no creator monetization; no social chat or voice; no complex avatar system; no full economy; no PvP; no VR; no hardcoded secrets; no broad refactors; no cross-phase work.,WorldDefinition.,Read-only visualization first.,"Graph displays beats, conditions, choices, consequences.",Human can inspect generated structure.,,,,,,,,,W8-S5
Not started,8,Phase 5 - Story Beat Graph Generator,W8-S5,Validate no dead end unless ending,Detect non-ending beats with no valid next action or next hook.,None unless external setup is discovered.,"validateWorldDefinition, health checks, tests.",No 2D/3D rendering; no real-time multiplayer; no public UGC discovery; no marketplace; no creator monetization; no social chat or voice; no complex avatar system; no full economy; no PvP; no VR; no hardcoded secrets; no broad refactors; no cross-phase work.,"StoryBeat, WorldDefinition.",No dead-end unless isEnding; no unreachable unless isHidden/isEnding.,Dead-end fixture fails; ending fixture passes.,Generated graph quality gate works.,,,,,,,,,W9-S1
Not started,9,Phase 6 Prep - Persistence and Share Links,W9-S1,Add Supabase project configuration,Add Supabase configuration only after human setup and env vars exist.,Human creates Supabase project and provides URL/key through env vars before real persistence.,"env examples, db config placeholders, docs, tests.",No 2D/3D rendering; no real-time multiplayer; no public UGC discovery; no marketplace; no creator monetization; no social chat or voice; no complex avatar system; no full economy; no PvP; no VR; no hardcoded secrets; no broad refactors; no cross-phase work.,Persistence config.,No hardcoded secrets; local fallback remains available.,No-key path fails gracefully or uses local persistence as approved.,Persistence setup is configured safely.,,,,,,,,,W9-S2
Not started,9,Phase 6 Prep - Persistence and Share Links,W9-S2,Create worlds table contract,Define table contract for world records.,Human confirms Supabase setup if real DB migrations are run.,"db schema/migrations, types, tests.",No 2D/3D rendering; no real-time multiplayer; no public UGC discovery; no marketplace; no creator monetization; no social chat or voice; no complex avatar system; no full economy; no PvP; no VR; no hardcoded secrets; no broad refactors; no cross-phase work.,WorldDefinition storage metadata.,schemaVersion required; no unvalidated world save.,Migration/type tests or local schema tests pass.,World record contract exists.,,,,,,,,,W9-S3
Not started,9,Phase 6 Prep - Persistence and Share Links,W9-S3,Create world_versions table contract,Define versioned world storage contract.,None unless external setup is discovered.,"db schema/migrations, types, tests.",No 2D/3D rendering; no real-time multiplayer; no public UGC discovery; no marketplace; no creator monetization; no social chat or voice; no complex avatar system; no full economy; no PvP; no VR; no hardcoded secrets; no broad refactors; no cross-phase work.,WorldDefinition versioning.,parent/version references valid; schemaVersion stored.,Version contract supports original and later remix.,World versions can be tracked safely.,,,,,,,,,W9-S4
Not started,9,Phase 6 Prep - Persistence and Share Links,W9-S4,Create world_sessions table contract,Define saved session storage contract.,None unless external setup is discovered.,"db schema/migrations, types, tests.",No 2D/3D rendering; no real-time multiplayer; no public UGC discovery; no marketplace; no creator monetization; no social chat or voice; no complex avatar system; no full economy; no PvP; no VR; no hardcoded secrets; no broad refactors; no cross-phase work.,WorldSession.,WorldSession must validate before save/load.,Session record contract validates.,Saved sessions have canonical shape.,,,,,,,,,W9-S5
Not started,9,Phase 6 Prep - Persistence and Share Links,W9-S5,Implement save/load world session,Save and resume WorldSession through approved persistence method.,None unless external setup is discovered.,"persistence adapter, session tests, UI smoke tests.",No 2D/3D rendering; no real-time multiplayer; no public UGC discovery; no marketplace; no creator monetization; no social chat or voice; no complex avatar system; no full economy; no PvP; no VR; no hardcoded secrets; no broad refactors; no cross-phase work.,"WorldSession, WorldDefinition.",Validate before save and after load.,Progress survives reload; invalid saved session rejected.,User can resume saved world.,,,,,,,,,W9-S6
Not started,9,Phase 6 Prep - Persistence and Share Links,W9-S6,Create share token and open shared world,Create private/unlisted share link for a world snapshot or fresh-start link.,"Human confirms link mode: private, unlisted, or internal-only.","share token model, route, tests.",No 2D/3D rendering; no real-time multiplayer; no public UGC discovery; no marketplace; no creator monetization; no social chat or voice; no complex avatar system; no full economy; no PvP; no VR; no hardcoded secrets; no broad refactors; no cross-phase work.,"WorldDefinition, WorldSession optional snapshot.",Invalid token fails gracefully; share does not imply public discovery.,Valid link opens same world; invalid token fails.,Share links work without public marketplace/discovery.,,,,,,,,,W10-S1
Not started,10,Phase 6 - Fork and Remix,W10-S1,Create fork endpoint,Create endpoint/action to fork a world without mutating the original.,None unless external setup is discovered.,"fork service/route, persistence tests.",No 2D/3D rendering; no real-time multiplayer; no public UGC discovery; no marketplace; no creator monetization; no social chat or voice; no complex avatar system; no full economy; no PvP; no VR; no hardcoded secrets; no broad refactors; no cross-phase work.,"WorldDefinition, world_versions.",Source world must validate before fork.,Fork creates new world/version and original unchanged.,Forking is safe.,,,,,,,,,W10-S2
Not started,10,Phase 6 - Fork and Remix,W10-S2,Copy WorldDefinition and selected session state safely,Copy world data and optional snapshot state according to selected fork mode.,None unless external setup is discovered.,"fork service, tests.",No 2D/3D rendering; no real-time multiplayer; no public UGC discovery; no marketplace; no creator monetization; no social chat or voice; no complex avatar system; no full economy; no PvP; no VR; no hardcoded secrets; no broad refactors; no cross-phase work.,"WorldDefinition, WorldSession.",Copied objects validate and receive new IDs/version refs.,Snapshot and fresh-start modes behave correctly.,Fork copies only intended state.,,,,,,,,,W10-S3
Not started,10,Phase 6 - Fork and Remix,W10-S3,Track parentWorldId and parentVersionId,Track lineage for forks and remixes.,None unless external setup is discovered.,"version model, persistence contract, tests.",No 2D/3D rendering; no real-time multiplayer; no public UGC discovery; no marketplace; no creator monetization; no social chat or voice; no complex avatar system; no full economy; no PvP; no VR; no hardcoded secrets; no broad refactors; no cross-phase work.,World version metadata.,Parent references required for fork/remix descendants.,Lineage appears in stored version metadata.,Fork/remix ancestry is auditable.,,,,,,,,,W10-S4
Not started,10,Phase 6 - Fork and Remix,W10-S4,Add remix prompt,Allow controlled remix instructions for tone/session/consequence intensity and similar safe fields.,None unless external setup is discovered.,"world-create/remix UI, agent shell, tests.",No 2D/3D rendering; no real-time multiplayer; no public UGC discovery; no marketplace; no creator monetization; no social chat or voice; no complex avatar system; no full economy; no PvP; no VR; no hardcoded secrets; no broad refactors; no cross-phase work.,"WorldDNA, WorldDefinition.",Remix prompt cannot bypass safetyMode or validators.,Allowed remix field changes pass; blocked changes rejected.,Remix input is controlled.,,,,,,,,,W10-S5
Not started,10,Phase 6 - Fork and Remix,W10-S5,Generate remix version,Create a new valid WorldDefinition version from remix prompt.,None unless external setup is discovered.,"WorldArchitectAgent remix mode, validators, persistence tests.",No 2D/3D rendering; no real-time multiplayer; no public UGC discovery; no marketplace; no creator monetization; no social chat or voice; no complex avatar system; no full economy; no PvP; no VR; no hardcoded secrets; no broad refactors; no cross-phase work.,"WorldDefinition, AIResult.",Full schema and cross-file validation before save.,Remix creates valid version; invalid remix rejected.,Remix does not overwrite original.,,,,,,,,,W10-S6
Not started,10,Phase 6 - Fork and Remix,W10-S6,Generate patch notes,Generate or compute readable patch notes for forks/remixes.,None unless external setup is discovered.,"version service, AI optional, tests.",No 2D/3D rendering; no real-time multiplayer; no public UGC discovery; no marketplace; no creator monetization; no social chat or voice; no complex avatar system; no full economy; no PvP; no VR; no hardcoded secrets; no broad refactors; no cross-phase work.,"WorldDefinition diff, AIResult optional.",Patch notes advisory; source data remains truth.,Patch notes show changed tone/beats/consequences.,User can understand what changed.,,,,,,,,,W11-S1
Not started,11,Phase 7 - AI Playtester v1,W11-S1,Build PlaytesterAgent shell,Create playtester agent wrapper and report contract without auto-approving worlds.,None unless external setup is discovered.,"packages/ai/agents/playtesterAgent, core/playtest, tests.",No 2D/3D rendering; no real-time multiplayer; no public UGC discovery; no marketplace; no creator monetization; no social chat or voice; no complex avatar system; no full economy; no PvP; no VR; no hardcoded secrets; no broad refactors; no cross-phase work.,"AIResult, playtest report.",AI report is advisory; deterministic checks run first.,Agent shell returns report or fallback.,Playtester has a safe shell.,,,,,,,,,W11-S2
Not started,11,Phase 7 - AI Playtester v1,W11-S2,Build deterministic path runner,Run all reachable story paths through runtime without AI.,None unless external setup is discovered.,"packages/core/playtest, runtime tests.",No 2D/3D rendering; no real-time multiplayer; no public UGC discovery; no marketplace; no creator monetization; no social chat or voice; no complex avatar system; no full economy; no PvP; no VR; no hardcoded secrets; no broad refactors; no cross-phase work.,"WorldDefinition, WorldSession.",World/session validates at each simulated step.,Stonepass paths execute; broken path fails.,Worlds can be tested mechanically.,,,,,,,,,W11-S3
Not started,11,Phase 7 - AI Playtester v1,W11-S3,Test all story beat paths,Enumerate and test all beat/choice paths within sane limits.,None unless external setup is discovered.,"playtest runner, tests.",No 2D/3D rendering; no real-time multiplayer; no public UGC discovery; no marketplace; no creator monetization; no social chat or voice; no complex avatar system; no full economy; no PvP; no VR; no hardcoded secrets; no broad refactors; no cross-phase work.,"StoryBeat, PlayerChoice, Consequence.",No unreachable/dead-end path unless allowed.,Multi-branch fixture covered; unreachable fixture flagged.,Branch coverage is measurable.,,,,,,,,,W11-S4
Not started,11,Phase 7 - AI Playtester v1,W11-S4,Detect missing next goal,Flag worlds that leave player without goal or next hook.,None unless external setup is discovered.,"playtest checks, health checks, tests.",No 2D/3D rendering; no real-time multiplayer; no public UGC discovery; no marketplace; no creator monetization; no social chat or voice; no complex avatar system; no full economy; no PvP; no VR; no hardcoded secrets; no broad refactors; no cross-phase work.,"WorldLedger, Consequence, StoryBeat.",Non-ending path must produce next goal/hook.,Missing-goal fixture fails; Stonepass passes.,Worlds cannot silently stall.,,,,,,,,,W11-S5
Not started,11,Phase 7 - AI Playtester v1,W11-S5,Detect missing reward or consequence,Flag choices that do not produce meaningful consequence or feedback.,None unless external setup is discovered.,"playtest checks, tests.",No 2D/3D rendering; no real-time multiplayer; no public UGC discovery; no marketplace; no creator monetization; no social chat or voice; no complex avatar system; no full economy; no PvP; no VR; no hardcoded secrets; no broad refactors; no cross-phase work.,"PlayerChoice, Consequence, WorldLedger.","Each meaningful choice must produce state/visible change, goal, NPC update, or ending.",No-op choice fixture fails; valid consequence passes.,No empty quests or meaningless choices.,,,,,,,,,W11-S6
Not started,11,Phase 7 - AI Playtester v1,W11-S6,Detect invalid flag dependency,Find required/blocked flags that are never produced or are misspelled.,None unless external setup is discovered.,"playtest checks, validateWorldDefinition, tests.",No 2D/3D rendering; no real-time multiplayer; no public UGC discovery; no marketplace; no creator monetization; no social chat or voice; no complex avatar system; no full economy; no PvP; no VR; no hardcoded secrets; no broad refactors; no cross-phase work.,"StoryBeat, PlayerChoice, Consequence.",Unknown flags fail unless marked system/external.,Bad dependency fixture fails.,Flag logic is protected.,,,,,,,,,W11-S7
Not started,11,Phase 7 - AI Playtester v1,W11-S7,Generate and store playtest report,Create readable stored report with deterministic failures and optional AI critic notes.,None unless external setup is discovered.,"playtest report model, persistence if available, UI panel, tests.",No 2D/3D rendering; no real-time multiplayer; no public UGC discovery; no marketplace; no creator monetization; no social chat or voice; no complex avatar system; no full economy; no PvP; no VR; no hardcoded secrets; no broad refactors; no cross-phase work.,"Playtest report, AIResult optional.",Report must separate deterministic errors from AI commentary.,Broken world report stored/displayed; valid Stonepass passes.,Quality gate exists before broader sharing.,,,,,,,,,W12-S1
Not started,12,Phase 9 - Creator Cockpit v1,W12-S1,Build World DNA viewer/editor,Show and safely edit allowed WorldDNA fields.,None unless external setup is discovered.,"apps/web/features/creator or world-debug, components, tests.",No 2D/3D rendering; no real-time multiplayer; no public UGC discovery; no marketplace; no creator monetization; no social chat or voice; no complex avatar system; no full economy; no PvP; no VR; no hardcoded secrets; no broad refactors; no cross-phase work.,"WorldDNA, WorldDefinition.",Edits validate and cannot add unsupported safetyMode.,Allowed edit saves; invalid enum rejected.,Creator can inspect/edit World DNA safely.,,,,,,,,,W12-S2
Not started,12,Phase 9 - Creator Cockpit v1,W12-S2,Build Ledger viewer,Show world memory and session history for creator/debug review.,None unless external setup is discovered.,"creator/debug UI, tests.",No 2D/3D rendering; no real-time multiplayer; no public UGC discovery; no marketplace; no creator monetization; no social chat or voice; no complex avatar system; no full economy; no PvP; no VR; no hardcoded secrets; no broad refactors; no cross-phase work.,"WorldLedger, WorldSession.",Read-only unless explicit approved action exists.,Ledger viewer renders events/flags/goals.,Creator can inspect what happened.,,,,,,,,,W12-S3
Not started,12,Phase 9 - Creator Cockpit v1,W12-S3,Build Story Beat list/tree viewer,Show story graph structure and validation status.,None unless external setup is discovered.,"creator/debug UI, graph components, tests.",No 2D/3D rendering; no real-time multiplayer; no public UGC discovery; no marketplace; no creator monetization; no social chat or voice; no complex avatar system; no full economy; no PvP; no VR; no hardcoded secrets; no broad refactors; no cross-phase work.,"WorldDefinition, StoryBeat.",Read-only first; no unsafe graph mutation.,"Viewer shows beats, choices, conditions, consequences.",Creator can inspect world structure.,,,,,,,,,W12-S4
Not started,12,Phase 9 - Creator Cockpit v1,W12-S4,Build AI reasoning panel,"Show Director decisions, fallback states, provider info, validation errors, and latency.",None unless external setup is discovered.,"creator/debug UI, tests.",No 2D/3D rendering; no real-time multiplayer; no public UGC discovery; no marketplace; no creator monetization; no social chat or voice; no complex avatar system; no full economy; no PvP; no VR; no hardcoded secrets; no broad refactors; no cross-phase work.,"AIResult, DirectorDecision, DebugEvent.",Read-only; no direct execution button unless gated.,Panel displays suggestion and fallback cases.,Creator can inspect AI behavior.,,,,,,,,,W12-S5
Not started,12,Phase 9 - Creator Cockpit v1,W12-S5,Build Health Score and Playtest Report panels,"Show health score, failed checks, and playtest report.",None unless external setup is discovered.,"creator UI, tests.",No 2D/3D rendering; no real-time multiplayer; no public UGC discovery; no marketplace; no creator monetization; no social chat or voice; no complex avatar system; no full economy; no PvP; no VR; no hardcoded secrets; no broad refactors; no cross-phase work.,"Health report, playtest report.",Deterministic errors are visually distinct from AI commentary.,Valid/broken world reports display.,Creator sees quality state clearly.,,,,,,,,,W12-S6
Not started,12,Phase 9 - Creator Cockpit v1,W12-S6,Allow regenerate suggestion action,Let creator request a new suggestion without auto-saving it.,None unless external setup is discovered.,"creator UI, agent action, tests.",No 2D/3D rendering; no real-time multiplayer; no public UGC discovery; no marketplace; no creator monetization; no social chat or voice; no complex avatar system; no full economy; no PvP; no VR; no hardcoded secrets; no broad refactors; no cross-phase work.,"AIResult, WorldDefinition draft.",Regenerated suggestion must preview and validate before approval.,Regenerate returns preview; invalid suggestion rejected.,Creator can ask AI for help without losing control.,,,,,,,,,W12-S7
Not started,12,Phase 9 - Creator Cockpit v1,W12-S7,Add approve/rollback flow,Allow approved creator changes to save and rejected changes to rollback safely.,None unless external setup is discovered.,"creator UI, version service, tests.",No 2D/3D rendering; no real-time multiplayer; no public UGC discovery; no marketplace; no creator monetization; no social chat or voice; no complex avatar system; no full economy; no PvP; no VR; no hardcoded secrets; no broad refactors; no cross-phase work.,"WorldDefinition, version metadata.",Approve only validated objects; rollback restores previous valid version.,Approve saves new version; rollback restores old version.,Creator cockpit can control changes safely.,,,,,,,,,Next source-of-truth revision
